,x
0,96.0
1,87.0
2,49.0
3,99.0
4,115.0
5,63.0
6,86.0
7,103.0
8,80.0
9,55.0
10,99.0
11,92.0
12,83.0
13,99.0
14,103.0
15,87.0
16,94.0
17,112.0
18,67.0
19,128.0
20,96.0
21,95.0
22,65.0
23,139.0
24,87.0
25,65.0
26,132.0
27,95.0
28,80.0
29,87.0
30,141.0
31,104.0
32,107.0
33,113.0
34,100.0
35,55.0
36,105.0
37,89.0
38,100.0
39,75.0
40,49.0
41,125.0
42,86.0
43,91.0
44,67.0
45,118.0
46,97.0
47,105.0
48,67.0
49,106.0
50,116.0
51,96.0
52,116.0
53,77.0
54,103.0
55,93.0
56,81.0
57,88.0
58,97.0
59,118.0
60,108.0
61,83.0
62,88.0
63,106.0
64,75.0
65,88.0
66,85.0
67,92.0
68,51.0
69,102.0
70,97.0
71,128.0
72,111.0
73,109.0
74,95.0
75,79.0
76,108.0
77,129.0
78,118.0
79,138.0
80,81.0
81,73.0
82,98.0
83,113.0
84,107.0
85,77.0
86,113.0
87,112.0
88,131.0
89,88.0
90,108.0
91,128.0
92,107.0
93,99.0
94,120.0
95,78.0
96,115.0
97,103.0
98,121.0
99,112.0
100,101.0
101,89.0
102,129.0
103,131.0
104,141.0
105,89.0
106,78.0
107,85.0
108,98.0
109,96.0
110,75.0
111,102.0
112,70.0
113,84.0
114,94.0
115,103.0
116,89.0
117,122.0
118,96.0
119,139.0
120,44.0
121,102.0
122,86.0
123,137.0
124,95.0
125,111.0
126,107.0
127,99.0
128,112.0
129,94.0
130,112.0
131,122.0
132,84.0
133,94.0
134,130.0
135,79.0
136,87.0
137,101.0
138,139.0
139,92.0
140,121.0
141,102.0
142,114.0
143,106.0
144,70.0
145,126.0
146,70.0
147,120.0
148,77.0
149,108.0
150,145.0
151,100.0
152,105.0
153,87.0
154,100.0
155,100.0
156,93.0
157,99.0
158,88.0
159,55.0
160,121.0
161,66.0
162,63.0
163,77.0
164,73.0
165,104.0
166,107.0
167,87.0
168,108.0
169,108.0
170,69.0
171,96.0
172,96.0
173,109.0
174,119.0
175,109.0
176,91.0
177,132.0
178,108.0
179,97.0
180,134.0
181,138.0
182,76.0
183,109.0
184,84.0
185,97.0
186,91.0
187,142.0
188,99.0
189,124.0
190,102.0
191,115.0
192,96.0
193,94.0
194,102.0
195,62.0
196,100.0
197,79.0
198,82.0
199,131.0
200,95.0
201,98.0
202,138.0
203,132.0
204,128.0
205,115.0
206,81.0
207,66.0
208,132.0
209,114.0
210,67.0
211,109.0
212,138.0
213,94.0
214,107.0
215,102.0
216,120.0
217,102.0
218,108.0
219,79.0
220,94.0
221,97.0
222,91.0
223,100.0
224,115.0
225,129.0
226,118.0
227,99.0
228,91.0
229,72.0
230,118.0
231,105.0
232,118.0
233,62.0
234,61.0
235,92.0
236,71.0
237,88.0
238,96.0
239,67.0
240,123.0
241,92.0
242,70.0
243,106.0
244,108.0
245,89.0
246,64.0
247,110.0
248,113.0
249,98.0
250,104.0
251,116.0
252,121.0
253,75.0
254,82.0
255,84.0
256,97.0
257,138.0
258,119.0
259,76.0
260,109.0
261,75.0
262,98.0
263,99.0
264,130.0
265,117.0
266,94.0
267,106.0
268,81.0
269,135.0
270,132.0
271,97.0
272,92.0
273,86.0
274,130.0
275,100.0
276,107.0
277,121.0
278,111.0
279,77.0
280,106.0
281,71.0
282,80.0
283,110.0
284,99.0
285,106.0
286,136.0
287,73.0
288,105.0
289,87.0
290,119.0
291,93.0
292,61.0
293,112.0
294,86.0
295,114.0
296,123.0
297,124.0
298,103.0
299,119.0
300,84.0
301,94.0
302,120.0
303,107.0
304,92.0
305,101.0
306,85.0
307,120.0
308,105.0
309,99.0
310,97.0
311,116.0
312,85.0
313,112.0
314,68.0
315,89.0
316,63.0
317,113.0
318,90.0
319,138.0
320,95.0
321,126.0
322,93.0
323,125.0
324,75.0
325,90.0
326,68.0
327,110.0
328,115.0
329,120.0
330,106.0
331,98.0
332,131.0
333,106.0
334,112.0
335,124.0
336,80.0
337,30.0
338,99.0
339,106.0
340,113.0
341,103.0
342,119.0
343,80.0
344,59.0
345,87.0
346,116.0
347,98.0
348,97.0
349,113.0
350,94.0
351,102.0
352,75.0
353,90.0
354,92.0
355,87.0
356,103.0
357,93.0
358,87.0
359,151.0
360,84.0
361,132.0
362,85.0
363,99.0
364,95.0
365,117.0
366,48.0
367,97.0
368,70.0
369,97.0
370,72.0
371,121.0
372,93.0
373,89.0
374,122.0
375,99.0
376,67.0
377,99.0
378,77.0
379,89.0
380,58.0
381,110.0
382,139.0
383,116.0
384,67.0
385,89.0
386,87.0
387,99.0
388,100.0
389,103.0
390,62.0
391,109.0
392,73.0
393,112.0
394,94.0
395,86.0
396,114.0
397,141.0
398,67.0
399,98.0
400,102.0
401,129.0
402,110.0
403,90.0
404,69.0
405,89.0
406,133.0
407,71.0
408,100.0
409,109.0
410,127.0
411,121.0
412,71.0
413,115.0
414,107.0
415,53.0
416,90.0
417,101.0
418,132.0
419,104.0
420,90.0
421,124.0
422,98.0
423,58.0
424,125.0
425,91.0
426,66.0
427,119.0
428,96.0
429,112.0
430,125.0
431,101.0
432,86.0
433,102.0
434,111.0
435,82.0
436,57.0
437,57.0
438,85.0
439,103.0
440,120.0
441,90.0
442,90.0
443,113.0
444,105.0
445,97.0
446,80.0
447,117.0
448,87.0
449,106.0
450,131.0
451,64.0
452,83.0
453,100.0
454,86.0
455,82.0
456,95.0
457,128.0
458,105.0
459,120.0
460,134.0
461,60.0
462,107.0
463,119.0
464,135.0
465,117.0
466,117.0
467,125.0
468,125.0
469,107.0
470,122.0
471,97.0
472,94.0
473,108.0
474,98.0
475,48.0
476,87.0
477,126.0
478,85.0
479,147.0
480,102.0
481,131.0
482,123.0
483,111.0
484,94.0
485,76.0
486,132.0
487,82.0
488,62.0
489,101.0
490,115.0
491,121.0
492,90.0
493,85.0
494,105.0
495,87.0
496,75.0
497,75.0
498,133.0
499,127.0
500,94.0
501,131.0
502,74.0
503,121.0
504,108.0
505,98.0
506,104.0
507,82.0
508,92.0
509,93.0
510,89.0
511,76.0
512,112.0
513,102.0
514,77.0
515,67.0
516,58.0
517,112.0
518,64.0
519,46.0
520,117.0
521,78.0
522,107.0
523,129.0
524,102.0
525,93.0
526,102.0
527,101.0
528,100.0
529,90.0
530,104.0
531,94.0
532,107.0
533,100.0
534,95.0
535,114.0
536,118.0
537,92.0
538,56.0
539,95.0
540,113.0
541,115.0
542,96.0
543,132.0
544,130.0
545,90.0
546,118.0
547,49.0
548,98.0
549,66.0
550,86.0
551,122.0
552,76.0
553,69.0
554,71.0
555,110.0
556,147.0
557,64.0
558,90.0
559,66.0
560,116.0
561,156.0
562,107.0
563,100.0
564,104.0
565,112.0
566,74.0
567,61.0
568,69.0
569,95.0
570,97.0
571,111.0
572,89.0
573,93.0
574,115.0
575,107.0
576,87.0
577,106.0
578,76.0
579,106.0
580,64.0
581,92.0
582,85.0
583,111.0
584,87.0
585,118.0
586,92.0
587,100.0
588,112.0
589,71.0
590,57.0
591,56.0
592,118.0
593,84.0
594,71.0
595,114.0
596,107.0
597,122.0
598,135.0
599,89.0
600,107.0
601,98.0
602,77.0
603,68.0
604,82.0
605,118.0
606,131.0
607,97.0
608,122.0
609,71.0
610,95.0
611,97.0
612,100.0
613,92.0
614,134.0
615,81.0
616,93.0
617,113.0
618,107.0
619,86.0
620,105.0
621,102.0
622,136.0
623,113.0
624,83.0
625,95.0
626,99.0
627,110.0
628,101.0
629,92.0
630,104.0
631,83.0
632,72.0
633,86.0
634,117.0
635,131.0
636,123.0
637,93.0
638,85.0
639,98.0
640,75.0
641,100.0
642,100.0
643,84.0
644,80.0
645,126.0
646,140.0
647,127.0
648,93.0
649,69.0
650,107.0
651,82.0
652,110.0
653,99.0
654,99.0
655,100.0
656,116.0
657,91.0
658,99.0
659,148.0
660,106.0
661,101.0
662,90.0
663,61.0
664,89.0
665,104.0
666,131.0
667,95.0
668,99.0
669,146.0
670,116.0
671,106.0
672,76.0
673,101.0
674,103.0
675,83.0
676,90.0
677,153.0
678,93.0
679,118.0
680,113.0
681,114.0
682,96.0
683,85.0
684,111.0
685,105.0
686,134.0
687,84.0
688,127.0
689,97.0
690,81.0
691,92.0
692,60.0
693,94.0
694,88.0
695,37.0
696,82.0
697,88.0
698,143.0
699,91.0
700,114.0
701,114.0
702,110.0
703,72.0
704,73.0
705,73.0
706,118.0
707,104.0
708,100.0
709,109.0
710,102.0
711,128.0
712,95.0
713,125.0
714,118.0
715,91.0
716,95.0
717,130.0
718,90.0
719,87.0
720,90.0
721,118.0
722,115.0
723,99.0
724,102.0
725,102.0
726,131.0
727,66.0
728,92.0
729,64.0
730,109.0
731,127.0
732,117.0
733,117.0
734,109.0
735,105.0
736,125.0
737,133.0
738,87.0
739,87.0
740,138.0
741,127.0
742,75.0
743,68.0
744,124.0
745,100.0
746,98.0
747,115.0
748,93.0
749,107.0
750,95.0
751,113.0
752,99.0
753,138.0
754,92.0
755,127.0
756,104.0
757,118.0
758,93.0
759,121.0
760,80.0
761,84.0
762,87.0
763,100.0
764,72.0
765,106.0
766,80.0
767,95.0
768,96.0
769,120.0
770,96.0
771,86.0
772,114.0
773,81.0
774,69.0
775,135.0
776,118.0
777,102.0
778,110.0
779,105.0
780,123.0
781,108.0
782,91.0
783,65.0
784,101.0
785,110.0
786,93.0
787,95.0
788,113.0
789,113.0
790,85.0
791,94.0
792,114.0
793,104.0
794,93.0
795,121.0
796,72.0
797,113.0
798,81.0
799,57.0
800,88.0
801,115.0
802,139.0
803,60.0
804,87.0
805,146.0
806,102.0
807,142.0
808,71.0
809,78.0
810,93.0
811,99.0
812,101.0
813,103.0
814,88.0
815,120.0
816,95.0
817,109.0
818,72.0
819,97.0
820,93.0
821,98.0
822,131.0
823,111.0
824,116.0
825,131.0
826,95.0
827,131.0
828,96.0
829,124.0
830,97.0
831,70.0
832,112.0
833,91.0
834,116.0
835,111.0
836,126.0
837,90.0
838,77.0
839,91.0
840,124.0
841,108.0
842,117.0
843,90.0
844,97.0
845,88.0
846,94.0
847,107.0
848,89.0
849,90.0
850,105.0
851,68.0
852,122.0
853,104.0
854,119.0
855,120.0
856,72.0
857,61.0
858,89.0
859,65.0
860,85.0
861,143.0
862,86.0
863,120.0
864,105.0
865,72.0
866,110.0
867,108.0
868,99.0
869,129.0
870,89.0
871,99.0
872,67.0
873,57.0
874,107.0
875,104.0
876,93.0
877,101.0
878,124.0
879,110.0
880,56.0
881,73.0
882,82.0
883,102.0
884,81.0
885,135.0
886,87.0
887,120.0
888,93.0
889,108.0
890,94.0
891,85.0
892,135.0
893,89.0
894,113.0
895,101.0
896,137.0
897,103.0
898,106.0
899,114.0
900,118.0
901,59.0
902,77.0
903,118.0
904,141.0
905,84.0
906,87.0
907,95.0
908,83.0
909,110.0
910,94.0
911,81.0
912,120.0
913,119.0
914,83.0
915,76.0
916,93.0
917,108.0
918,102.0
919,126.0
920,55.0
921,77.0
922,92.0
923,102.0
924,118.0
925,91.0
926,102.0
927,67.0
928,78.0
929,106.0
930,119.0
931,78.0
932,127.0
933,104.0
934,95.0
935,124.0
936,111.0
937,95.0
938,104.0
939,90.0
940,106.0
941,82.0
942,110.0
943,124.0
944,95.0
945,107.0
946,124.0
947,97.0
948,98.0
949,115.0
950,103.0
951,97.0
952,133.0
953,106.0
954,138.0
955,100.0
956,120.0
957,84.0
958,99.0
959,106.0
960,113.0
961,115.0
962,109.0
963,85.0
964,102.0
965,77.0
966,100.0
967,134.0
968,109.0
969,108.0
970,116.0
971,56.0
972,124.0
973,97.0
974,88.0
975,113.0
976,77.0
977,111.0
978,101.0
979,113.0
980,110.0
981,104.0
982,57.0
983,110.0
984,135.0
985,96.0
986,120.0
987,90.0
988,93.0
989,113.0
990,128.0
991,92.0
992,99.0
993,100.0
994,120.0
995,107.0
996,103.0
997,111.0
998,106.0
999,141.0
1000,105.0
1001,91.0
1002,127.0
1003,109.0
1004,130.0
1005,107.0
1006,109.0
1007,105.0
1008,71.0
1009,88.0
1010,122.0
1011,133.0
1012,96.0
1013,94.0
1014,108.0
1015,135.0
1016,84.0
1017,77.0
1018,118.0
1019,111.0
1020,94.0
1021,104.0
1022,102.0
1023,73.0
1024,68.0
1025,105.0
1026,96.0
1027,91.0
1028,95.0
1029,108.0
1030,98.0
1031,109.0
1032,114.0
1033,109.0
1034,112.0
1035,117.0
1036,131.0
1037,88.0
1038,106.0
1039,78.0
1040,112.0
1041,83.0
1042,74.0
1043,106.0
1044,88.0
1045,120.0
1046,142.0
1047,91.0
1048,67.0
1049,121.0
1050,97.0
1051,107.0
1052,93.0
1053,123.0
1054,182.0
1055,93.0
1056,101.0
1057,106.0
1058,139.0
1059,132.0
1060,122.0
1061,99.0
1062,65.0
1063,131.0
1064,87.0
1065,100.0
1066,128.0
1067,101.0
1068,92.0
1069,120.0
1070,108.0
1071,100.0
1072,79.0
1073,105.0
1074,127.0
1075,66.0
1076,83.0
1077,75.0
1078,113.0
1079,77.0
1080,97.0
1081,91.0
1082,59.0
1083,104.0
1084,71.0
1085,127.0
1086,98.0
1087,93.0
1088,121.0
1089,142.0
1090,123.0
1091,60.0
1092,90.0
1093,82.0
1094,108.0
1095,88.0
1096,82.0
1097,123.0
1098,126.0
1099,92.0
1100,91.0
1101,148.0
1102,119.0
1103,67.0
1104,115.0
1105,87.0
1106,73.0
1107,107.0
1108,95.0
1109,122.0
1110,91.0
1111,96.0
1112,103.0
1113,122.0
1114,109.0
1115,88.0
1116,127.0
1117,94.0
1118,107.0
1119,113.0
1120,89.0
1121,114.0
1122,89.0
1123,93.0
1124,98.0
1125,135.0
1126,94.0
1127,82.0
1128,88.0
1129,107.0
1130,73.0
1131,77.0
1132,108.0
1133,119.0
1134,115.0
1135,106.0
1136,82.0
1137,94.0
1138,93.0
1139,96.0
1140,101.0
1141,78.0
1142,112.0
1143,132.0
1144,40.0
1145,108.0
1146,92.0
1147,112.0
1148,169.0
1149,108.0
1150,109.0
1151,92.0
1152,89.0
1153,108.0
1154,93.0
1155,104.0
1156,78.0
1157,89.0
1158,97.0
1159,121.0
1160,126.0
1161,106.0
1162,91.0
1163,101.0
1164,39.0
1165,75.0
1166,58.0
1167,65.0
1168,97.0
1169,105.0
1170,89.0
1171,100.0
1172,108.0
1173,120.0
1174,133.0
1175,83.0
1176,112.0
1177,100.0
1178,129.0
1179,115.0
1180,86.0
1181,100.0
1182,107.0
1183,117.0
1184,102.0
1185,118.0
1186,93.0
1187,101.0
1188,109.0
1189,68.0
1190,89.0
1191,131.0
1192,53.0
1193,84.0
1194,107.0
1195,98.0
1196,91.0
1197,80.0
1198,98.0
1199,113.0
1200,85.0
1201,77.0
1202,127.0
1203,97.0
1204,111.0
1205,110.0
1206,130.0
1207,87.0
1208,102.0
1209,105.0
1210,111.0
1211,96.0
1212,98.0
1213,97.0
1214,107.0
1215,86.0
1216,55.0
1217,88.0
1218,63.0
1219,100.0
1220,78.0
1221,105.0
1222,108.0
1223,114.0
1224,111.0
1225,103.0
1226,78.0
1227,113.0
1228,87.0
1229,67.0
1230,69.0
1231,109.0
1232,71.0
1233,116.0
1234,106.0
1235,73.0
1236,56.0
1237,108.0
1238,97.0
1239,74.0
1240,103.0
1241,85.0
1242,97.0
1243,99.0
1244,91.0
1245,98.0
1246,99.0
1247,103.0
1248,81.0
1249,92.0
1250,83.0
1251,111.0
1252,87.0
1253,70.0
1254,106.0
1255,107.0
1256,97.0
1257,60.0
1258,104.0
1259,117.0
1260,107.0
1261,107.0
1262,105.0
1263,54.0
1264,92.0
1265,96.0
1266,74.0
1267,86.0
1268,148.0
1269,98.0
1270,118.0
1271,105.0
1272,114.0
1273,127.0
1274,118.0
1275,62.0
1276,68.0
1277,99.0
1278,102.0
1279,113.0
1280,85.0
1281,95.0
1282,119.0
1283,129.0
1284,85.0
1285,112.0
1286,93.0
1287,102.0
1288,93.0
1289,116.0
1290,86.0
1291,98.0
1292,110.0
1293,100.0
1294,74.0
1295,111.0
1296,99.0
1297,131.0
1298,113.0
1299,64.0
1300,58.0
1301,91.0
1302,94.0
1303,77.0
1304,115.0
1305,89.0
1306,83.0
1307,127.0
1308,73.0
1309,104.0
1310,103.0
1311,103.0
1312,96.0
1313,59.0
1314,124.0
1315,82.0
1316,48.0
1317,116.0
1318,124.0
1319,90.0
1320,71.0
1321,69.0
1322,108.0
1323,105.0
1324,127.0
1325,109.0
1326,122.0
1327,90.0
1328,132.0
1329,38.0
1330,86.0
1331,107.0
1332,84.0
1333,85.0
1334,86.0
1335,59.0
1336,127.0
1337,117.0
1338,115.0
1339,70.0
1340,87.0
1341,108.0
1342,85.0
1343,111.0
1344,102.0
1345,84.0
1346,109.0
1347,138.0
1348,86.0
1349,136.0
1350,116.0
1351,106.0
1352,134.0
1353,106.0
1354,101.0
1355,81.0
1356,111.0
1357,103.0
1358,130.0
1359,108.0
1360,79.0
1361,142.0
1362,90.0
1363,106.0
1364,72.0
1365,70.0
1366,55.0
1367,146.0
1368,79.0
1369,91.0
1370,111.0
1371,129.0
1372,137.0
1373,46.0
1374,72.0
1375,116.0
1376,56.0
1377,115.0
1378,80.0
1379,69.0
1380,109.0
1381,100.0
1382,104.0
1383,56.0
1384,86.0
1385,53.0
1386,99.0
1387,110.0
1388,100.0
1389,124.0
1390,104.0
1391,100.0
1392,121.0
1393,104.0
1394,83.0
1395,70.0
1396,79.0
1397,70.0
1398,72.0
1399,92.0
1400,115.0
1401,94.0
1402,109.0
1403,92.0
1404,79.0
1405,78.0
1406,114.0
1407,121.0
1408,81.0
1409,82.0
1410,71.0
1411,77.0
1412,111.0
1413,81.0
1414,90.0
1415,95.0
1416,115.0
1417,89.0
1418,93.0
1419,83.0
1420,92.0
1421,94.0
1422,82.0
1423,110.0
1424,79.0
1425,119.0
1426,100.0
1427,72.0
1428,97.0
1429,97.0
1430,106.0
1431,71.0
1432,121.0
1433,100.0
1434,72.0
1435,116.0
1436,100.0
1437,84.0
1438,102.0
1439,127.0
1440,101.0
1441,94.0
1442,88.0
1443,115.0
1444,105.0
1445,70.0
1446,120.0
1447,111.0
1448,82.0
1449,118.0
1450,109.0
1451,98.0
1452,123.0
1453,80.0
1454,133.0
1455,113.0
1456,84.0
1457,86.0
1458,106.0
1459,88.0
1460,84.0
1461,112.0
1462,129.0
1463,123.0
1464,80.0
1465,68.0
1466,82.0
1467,87.0
1468,130.0
1469,82.0
1470,127.0
1471,100.0
1472,55.0
1473,106.0
1474,86.0
1475,78.0
1476,106.0
1477,149.0
1478,88.0
1479,84.0
1480,93.0
1481,103.0
1482,84.0
1483,156.0
1484,99.0
1485,100.0
1486,95.0
1487,139.0
1488,132.0
1489,128.0
1490,122.0
1491,124.0
1492,124.0
1493,96.0
1494,82.0
1495,91.0
1496,77.0
1497,120.0
1498,97.0
1499,85.0
1500,161.0
1501,108.0
1502,99.0
1503,111.0
1504,113.0
1505,90.0
1506,73.0
1507,90.0
1508,100.0
1509,99.0
1510,87.0
1511,120.0
1512,78.0
1513,108.0
1514,125.0
1515,103.0
1516,92.0
1517,108.0
1518,102.0
1519,103.0
1520,71.0
1521,98.0
1522,96.0
1523,61.0
1524,87.0
1525,81.0
1526,99.0
1527,93.0
1528,139.0
1529,114.0
1530,120.0
1531,63.0
1532,123.0
1533,102.0
1534,116.0
1535,94.0
1536,97.0
1537,107.0
1538,65.0
1539,104.0
1540,99.0
1541,119.0
1542,112.0
1543,104.0
1544,90.0
1545,68.0
1546,101.0
1547,90.0
1548,80.0
1549,85.0
1550,40.0
1551,119.0
1552,115.0
1553,91.0
1554,88.0
1555,116.0
1556,145.0
1557,89.0
1558,101.0
1559,111.0
1560,92.0
1561,57.0
1562,78.0
1563,72.0
1564,89.0
1565,124.0
1566,136.0
1567,123.0
1568,78.0
1569,107.0
1570,123.0
1571,88.0
1572,98.0
1573,83.0
1574,100.0
1575,92.0
1576,105.0
1577,104.0
1578,126.0
1579,118.0
1580,120.0
1581,52.0
1582,112.0
1583,116.0
1584,69.0
1585,124.0
1586,129.0
1587,99.0
1588,109.0
1589,108.0
1590,79.0
1591,115.0
1592,114.0
1593,38.0
1594,120.0
1595,87.0
1596,65.0
1597,113.0
1598,119.0
1599,81.0
1600,107.0
1601,84.0
1602,120.0
1603,91.0
1604,93.0
1605,83.0
1606,84.0
1607,109.0
1608,87.0
1609,74.0
1610,95.0
1611,129.0
1612,101.0
1613,94.0
1614,61.0
1615,88.0
1616,137.0
1617,53.0
1618,87.0
1619,96.0
1620,125.0
1621,111.0
1622,87.0
1623,72.0
1624,69.0
1625,94.0
1626,91.0
1627,87.0
1628,98.0
1629,123.0
1630,109.0
1631,113.0
1632,100.0
1633,82.0
1634,109.0
1635,68.0
1636,148.0
1637,113.0
1638,98.0
1639,77.0
1640,96.0
1641,139.0
1642,143.0
1643,99.0
1644,115.0
1645,124.0
1646,82.0
1647,100.0
1648,91.0
1649,97.0
1650,116.0
1651,68.0
1652,119.0
1653,78.0
1654,85.0
1655,71.0
1656,64.0
1657,114.0
1658,98.0
1659,89.0
1660,130.0
1661,96.0
1662,100.0
1663,124.0
1664,136.0
1665,79.0
1666,104.0
1667,75.0
1668,129.0
1669,120.0
1670,141.0
1671,96.0
1672,90.0
1673,116.0
1674,92.0
1675,118.0
1676,81.0
1677,85.0
1678,105.0
1679,82.0
1680,95.0
1681,129.0
1682,131.0
1683,92.0
1684,107.0
1685,97.0
1686,115.0
1687,121.0
1688,110.0
1689,104.0
1690,126.0
1691,87.0
1692,101.0
1693,83.0
1694,67.0
1695,94.0
1696,75.0
1697,92.0
1698,76.0
1699,118.0
1700,115.0
1701,128.0
1702,169.0
1703,108.0
1704,127.0
1705,101.0
1706,113.0
1707,81.0
1708,134.0
1709,119.0
1710,84.0
1711,120.0
1712,79.0
1713,111.0
1714,113.0
1715,89.0
1716,91.0
1717,113.0
1718,68.0
1719,45.0
1720,136.0
1721,76.0
1722,83.0
1723,104.0
1724,103.0
1725,76.0
1726,104.0
1727,134.0
1728,72.0
1729,138.0
1730,129.0
1731,126.0
1732,51.0
1733,111.0
1734,112.0
1735,71.0
1736,129.0
1737,78.0
1738,73.0
1739,78.0
1740,110.0
1741,105.0
1742,93.0
1743,92.0
1744,131.0
1745,90.0
1746,83.0
1747,107.0
1748,111.0
1749,96.0
1750,77.0
1751,96.0
1752,59.0
1753,77.0
1754,132.0
1755,100.0
1756,121.0
1757,117.0
1758,101.0
1759,69.0
1760,99.0
1761,73.0
1762,120.0
1763,88.0
1764,73.0
1765,113.0
1766,69.0
1767,60.0
1768,126.0
1769,102.0
1770,70.0
1771,101.0
1772,99.0
1773,132.0
1774,117.0
1775,103.0
1776,111.0
1777,106.0
1778,127.0
1779,86.0
1780,117.0
1781,88.0
1782,107.0
1783,119.0
1784,78.0
1785,88.0
1786,76.0
1787,121.0
1788,98.0
1789,124.0
1790,113.0
1791,117.0
1792,113.0
1793,112.0
1794,123.0
1795,95.0
1796,88.0
1797,133.0
1798,126.0
1799,113.0
1800,89.0
1801,105.0
1802,46.0
1803,98.0
1804,77.0
1805,66.0
1806,110.0
1807,79.0
1808,72.0
1809,108.0
1810,93.0
1811,98.0
1812,56.0
1813,125.0
1814,116.0
1815,87.0
1816,104.0
1817,130.0
1818,102.0
1819,104.0
1820,112.0
1821,83.0
1822,84.0
1823,91.0
1824,104.0
1825,99.0
1826,114.0
1827,104.0
1828,95.0
1829,105.0
1830,116.0
1831,111.0
1832,122.0
1833,99.0
1834,106.0
1835,124.0
1836,142.0
1837,121.0
1838,118.0
1839,95.0
1840,73.0
1841,104.0
1842,87.0
1843,59.0
1844,105.0
1845,96.0
1846,102.0
1847,89.0
1848,90.0
1849,91.0
1850,60.0
1851,97.0
1852,132.0
1853,92.0
1854,87.0
1855,138.0
1856,66.0
1857,111.0
1858,114.0
1859,124.0
1860,109.0
1861,95.0
1862,126.0
1863,61.0
1864,123.0
1865,106.0
1866,128.0
1867,129.0
1868,92.0
1869,121.0
1870,109.0
1871,84.0
1872,106.0
1873,85.0
1874,111.0
1875,81.0
1876,103.0
1877,116.0
1878,93.0
1879,133.0
1880,101.0
1881,119.0
1882,97.0
1883,58.0
1884,106.0
1885,70.0
1886,124.0
1887,55.0
1888,107.0
1889,116.0
1890,87.0
1891,120.0
1892,80.0
1893,103.0
1894,103.0
1895,121.0
1896,116.0
1897,97.0
1898,95.0
1899,119.0
1900,96.0
1901,91.0
1902,106.0
1903,121.0
1904,60.0
1905,125.0
1906,109.0
1907,104.0
1908,87.0
1909,110.0
1910,89.0
1911,129.0
1912,68.0
1913,121.0
1914,97.0
1915,84.0
1916,85.0
1917,110.0
1918,93.0
1919,124.0
1920,73.0
1921,120.0
1922,102.0
1923,80.0
1924,133.0
1925,68.0
1926,79.0
1927,108.0
1928,73.0
1929,126.0
1930,100.0
1931,103.0
1932,135.0
1933,123.0
1934,99.0
1935,96.0
1936,118.0
1937,89.0
1938,105.0
1939,95.0
1940,127.0
1941,91.0
1942,106.0
1943,72.0
1944,92.0
1945,86.0
1946,78.0
1947,102.0
1948,91.0
1949,119.0
1950,58.0
1951,80.0
1952,95.0
1953,120.0
1954,64.0
1955,122.0
1956,114.0
1957,60.0
1958,105.0
1959,96.0
1960,101.0
1961,70.0
1962,102.0
1963,90.0
1964,125.0
1965,91.0
1966,94.0
1967,86.0
1968,107.0
1969,114.0
1970,100.0
1971,116.0
1972,101.0
1973,96.0
1974,99.0
1975,113.0
1976,85.0
1977,99.0
1978,105.0
1979,78.0
1980,76.0
1981,93.0
1982,103.0
1983,96.0
1984,123.0
1985,105.0
1986,104.0
1987,70.0
1988,110.0
1989,107.0
1990,114.0
1991,84.0
1992,82.0
1993,51.0
1994,124.0
1995,86.0
1996,115.0
1997,125.0
1998,96.0
1999,71.0
2000,117.0
2001,115.0
2002,97.0
2003,108.0
2004,102.0
2005,72.0
2006,102.0
2007,79.0
2008,124.0
2009,125.0
2010,103.0
2011,108.0
2012,91.0
2013,60.0
2014,95.0
2015,73.0
2016,137.0
2017,73.0
2018,76.0
2019,95.0
2020,106.0
2021,87.0
2022,115.0
2023,102.0
2024,76.0
2025,102.0
2026,103.0
2027,88.0
2028,82.0
2029,124.0
2030,92.0
2031,113.0
2032,122.0
2033,90.0
2034,78.0
2035,94.0
2036,133.0
2037,67.0
2038,125.0
2039,92.0
2040,94.0
2041,124.0
2042,98.0
2043,97.0
2044,102.0
2045,109.0
2046,113.0
2047,111.0
2048,116.0
2049,116.0
2050,64.0
2051,103.0
2052,70.0
2053,93.0
2054,109.0
2055,86.0
2056,107.0
2057,92.0
2058,68.0
2059,107.0
2060,126.0
2061,106.0
2062,81.0
2063,94.0
2064,85.0
2065,105.0
2066,113.0
2067,71.0
2068,97.0
2069,97.0
2070,81.0
2071,95.0
2072,106.0
2073,108.0
2074,92.0
2075,97.0
2076,114.0
2077,114.0
2078,89.0
2079,150.0
2080,138.0
2081,136.0
2082,91.0
2083,120.0
2084,91.0
2085,83.0
2086,86.0
2087,84.0
2088,81.0
2089,100.0
2090,130.0
2091,144.0
2092,103.0
2093,125.0
2094,130.0
2095,99.0
2096,76.0
2097,78.0
2098,65.0
2099,97.0
2100,116.0
2101,80.0
2102,123.0
2103,84.0
2104,82.0
2105,101.0
2106,74.0
2107,85.0
2108,89.0
2109,118.0
2110,149.0
2111,84.0
2112,97.0
2113,93.0
2114,96.0
2115,93.0
2116,79.0
2117,111.0
2118,102.0
2119,85.0
2120,122.0
2121,104.0
2122,98.0
2123,93.0
2124,114.0
2125,115.0
2126,67.0
2127,102.0
2128,144.0
2129,116.0
2130,74.0
2131,77.0
2132,87.0
2133,64.0
2134,109.0
2135,124.0
2136,111.0
2137,93.0
2138,109.0
2139,73.0
2140,129.0
2141,114.0
2142,114.0
2143,83.0
2144,104.0
2145,139.0
2146,75.0
2147,122.0
2148,133.0
2149,77.0
2150,109.0
2151,85.0
2152,85.0
2153,98.0
2154,114.0
2155,82.0
2156,130.0
2157,55.0
2158,111.0
2159,92.0
2160,126.0
2161,104.0
2162,103.0
2163,104.0
2164,107.0
2165,124.0
2166,130.0
2167,117.0
2168,63.0
2169,100.0
2170,125.0
2171,92.0
2172,125.0
2173,134.0
2174,69.0
2175,89.0
2176,105.0
2177,98.0
2178,105.0
2179,120.0
2180,114.0
2181,78.0
2182,44.0
2183,58.0
2184,123.0
2185,104.0
2186,84.0
2187,81.0
2188,70.0
2189,68.0
2190,94.0
2191,78.0
2192,134.0
2193,101.0
2194,125.0
2195,115.0
2196,103.0
2197,107.0
2198,110.0
2199,102.0
2200,70.0
2201,127.0
2202,109.0
2203,94.0
2204,94.0
2205,105.0
2206,96.0
2207,54.0
2208,78.0
2209,106.0
2210,84.0
2211,134.0
2212,125.0
2213,55.0
2214,113.0
2215,119.0
2216,74.0
2217,95.0
2218,96.0
2219,114.0
2220,125.0
2221,92.0
2222,81.0
2223,105.0
2224,87.0
2225,118.0
2226,88.0
2227,111.0
2228,78.0
2229,83.0
2230,78.0
2231,128.0
2232,69.0
2233,92.0
2234,108.0
2235,111.0
2236,135.0
2237,100.0
2238,100.0
2239,92.0
2240,42.0
2241,63.0
2242,111.0
2243,98.0
2244,106.0
2245,133.0
2246,63.0
2247,139.0
2248,74.0
2249,85.0
2250,126.0
2251,96.0
2252,96.0
2253,66.0
2254,110.0
2255,104.0
2256,106.0
2257,69.0
2258,97.0
2259,136.0
2260,111.0
2261,80.0
2262,98.0
2263,82.0
2264,146.0
2265,87.0
2266,67.0
2267,86.0
2268,83.0
2269,89.0
2270,116.0
2271,90.0
2272,90.0
2273,111.0
2274,109.0
2275,102.0
2276,127.0
2277,97.0
2278,63.0
2279,88.0
2280,81.0
2281,49.0
2282,130.0
2283,90.0
2284,84.0
2285,106.0
2286,106.0
2287,123.0
2288,130.0
2289,106.0
2290,70.0
2291,75.0
2292,96.0
2293,135.0
2294,116.0
2295,129.0
2296,88.0
2297,155.0
2298,130.0
2299,121.0
2300,91.0
2301,61.0
2302,114.0
2303,82.0
2304,97.0
2305,115.0
2306,88.0
2307,85.0
2308,125.0
2309,94.0
2310,100.0
2311,113.0
2312,96.0
2313,99.0
2314,108.0
2315,101.0
2316,114.0
2317,46.0
2318,84.0
2319,120.0
2320,75.0
2321,69.0
2322,116.0
2323,119.0
2324,101.0
2325,130.0
2326,88.0
2327,117.0
2328,87.0
2329,112.0
2330,101.0
2331,133.0
2332,95.0
2333,118.0
2334,100.0
2335,114.0
2336,89.0
2337,119.0
2338,105.0
2339,116.0
2340,127.0
2341,84.0
2342,97.0
2343,106.0
2344,61.0
2345,130.0
2346,101.0
2347,91.0
2348,61.0
2349,82.0
2350,99.0
2351,126.0
2352,93.0
2353,117.0
2354,67.0
2355,79.0
2356,88.0
2357,123.0
2358,97.0
2359,110.0
2360,85.0
2361,124.0
2362,116.0
2363,93.0
2364,97.0
2365,92.0
2366,98.0
2367,111.0
2368,92.0
2369,118.0
2370,73.0
2371,159.0
2372,88.0
2373,96.0
2374,92.0
2375,126.0
2376,98.0
2377,128.0
2378,103.0
2379,91.0
2380,94.0
2381,112.0
2382,87.0
2383,106.0
2384,119.0
2385,108.0
2386,63.0
2387,105.0
2388,99.0
2389,109.0
2390,99.0
2391,112.0
2392,110.0
2393,113.0
2394,107.0
2395,81.0
2396,77.0
2397,81.0
2398,107.0
2399,98.0
2400,77.0
2401,116.0
2402,97.0
2403,106.0
2404,81.0
2405,97.0
2406,105.0
2407,111.0
2408,92.0
2409,93.0
2410,110.0
2411,108.0
2412,123.0
2413,91.0
2414,91.0
2415,118.0
2416,95.0
2417,78.0
2418,65.0
2419,100.0
2420,112.0
2421,102.0
2422,131.0
2423,105.0
2424,54.0
2425,113.0
2426,89.0
2427,94.0
2428,122.0
2429,99.0
2430,99.0
2431,142.0
2432,100.0
2433,105.0
2434,101.0
2435,85.0
2436,150.0
2437,104.0
2438,92.0
2439,109.0
2440,125.0
2441,115.0
2442,78.0
2443,86.0
2444,90.0
2445,76.0
2446,122.0
2447,87.0
2448,96.0
2449,98.0
2450,77.0
2451,84.0
2452,95.0
2453,103.0
2454,76.0
2455,116.0
2456,98.0
2457,64.0
2458,114.0
2459,116.0
2460,107.0
2461,98.0
2462,128.0
2463,100.0
2464,84.0
2465,106.0
2466,122.0
2467,103.0
2468,104.0
2469,84.0
2470,113.0
2471,78.0
2472,76.0
2473,104.0
2474,100.0
2475,122.0
2476,118.0
2477,80.0
2478,132.0
2479,82.0
2480,65.0
2481,134.0
2482,94.0
2483,75.0
2484,102.0
2485,59.0
2486,94.0
2487,121.0
2488,159.0
2489,101.0
2490,120.0
2491,69.0
2492,122.0
2493,115.0
2494,92.0
2495,64.0
2496,119.0
2497,84.0
2498,108.0
2499,126.0
2500,115.0
2501,105.0
2502,87.0
2503,95.0
2504,110.0
2505,104.0
2506,112.0
2507,75.0
2508,101.0
2509,84.0
2510,131.0
2511,139.0
2512,75.0
2513,81.0
2514,126.0
2515,115.0
2516,78.0
2517,88.0
2518,74.0
2519,127.0
2520,99.0
2521,105.0
2522,103.0
2523,87.0
2524,59.0
2525,124.0
2526,149.0
2527,100.0
2528,123.0
2529,78.0
2530,120.0
2531,134.0
2532,100.0
2533,76.0
2534,101.0
2535,104.0
2536,111.0
2537,79.0
2538,124.0
2539,92.0
2540,135.0
2541,121.0
2542,127.0
2543,107.0
2544,133.0
2545,78.0
2546,123.0
2547,155.0
2548,100.0
2549,97.0
2550,84.0
2551,82.0
2552,73.0
2553,88.0
2554,83.0
2555,90.0
2556,63.0
2557,91.0
2558,71.0
2559,89.0
2560,63.0
2561,96.0
2562,136.0
2563,108.0
2564,147.0
2565,113.0
2566,130.0
2567,129.0
2568,90.0
2569,82.0
2570,105.0
2571,94.0
2572,122.0
2573,104.0
2574,111.0
2575,113.0
2576,74.0
2577,110.0
2578,94.0
2579,110.0
2580,104.0
2581,110.0
2582,37.0
2583,130.0
2584,100.0
2585,115.0
2586,83.0
2587,123.0
2588,71.0
2589,95.0
2590,95.0
2591,110.0
2592,99.0
2593,109.0
2594,101.0
2595,107.0
2596,105.0
2597,91.0
2598,142.0
2599,92.0
2600,117.0
2601,108.0
2602,105.0
2603,125.0
2604,88.0
2605,83.0
2606,88.0
2607,96.0
2608,90.0
2609,67.0
2610,98.0
2611,94.0
2612,79.0
2613,77.0
2614,90.0
2615,92.0
2616,137.0
2617,107.0
2618,137.0
2619,105.0
2620,122.0
2621,103.0
2622,96.0
2623,97.0
2624,112.0
2625,108.0
2626,101.0
2627,118.0
2628,84.0
2629,67.0
2630,93.0
2631,121.0
2632,119.0
2633,112.0
2634,86.0
2635,72.0
2636,55.0
2637,78.0
2638,78.0
2639,129.0
2640,87.0
2641,95.0
2642,66.0
2643,113.0
2644,51.0
2645,94.0
2646,124.0
2647,64.0
2648,109.0
2649,112.0
2650,156.0
2651,128.0
2652,109.0
2653,106.0
2654,135.0
2655,156.0
2656,94.0
2657,92.0
2658,88.0
2659,99.0
2660,101.0
2661,134.0
2662,117.0
2663,148.0
2664,88.0
2665,123.0
2666,57.0
2667,97.0
2668,81.0
2669,128.0
2670,49.0
2671,116.0
2672,113.0
2673,91.0
2674,70.0
2675,121.0
2676,122.0
2677,126.0
2678,80.0
2679,81.0
2680,81.0
2681,68.0
2682,64.0
2683,102.0
2684,85.0
2685,78.0
2686,66.0
2687,101.0
2688,75.0
2689,113.0
2690,119.0
2691,77.0
2692,112.0
2693,123.0
2694,114.0
2695,131.0
2696,85.0
2697,114.0
2698,60.0
2699,88.0
2700,86.0
2701,87.0
2702,98.0
2703,109.0
2704,104.0
2705,103.0
2706,90.0
2707,127.0
2708,96.0
2709,116.0
2710,84.0
2711,93.0
2712,140.0
2713,96.0
2714,118.0
2715,95.0
2716,84.0
2717,111.0
2718,87.0
2719,99.0
2720,124.0
2721,88.0
2722,101.0
2723,105.0
2724,63.0
2725,104.0
2726,129.0
2727,139.0
2728,97.0
2729,90.0
2730,152.0
2731,110.0
2732,98.0
2733,83.0
2734,78.0
2735,97.0
2736,111.0
2737,93.0
2738,124.0
2739,115.0
2740,95.0
2741,65.0
2742,98.0
2743,89.0
2744,105.0
2745,121.0
2746,82.0
2747,146.0
2748,103.0
2749,92.0
2750,73.0
2751,81.0
2752,125.0
2753,89.0
2754,63.0
2755,106.0
2756,116.0
2757,109.0
2758,90.0
2759,106.0
2760,77.0
2761,109.0
2762,110.0
2763,100.0
2764,88.0
2765,58.0
2766,88.0
2767,108.0
2768,98.0
2769,75.0
2770,124.0
2771,114.0
2772,95.0
2773,92.0
2774,100.0
2775,103.0
2776,93.0
2777,102.0
2778,114.0
2779,85.0
2780,86.0
2781,80.0
2782,122.0
2783,111.0
2784,88.0
2785,84.0
2786,107.0
2787,109.0
2788,147.0
2789,107.0
2790,117.0
2791,85.0
2792,99.0
2793,104.0
2794,122.0
2795,104.0
2796,105.0
2797,77.0
2798,147.0
2799,56.0
2800,91.0
2801,101.0
2802,120.0
2803,106.0
2804,64.0
2805,101.0
2806,64.0
2807,68.0
2808,69.0
2809,105.0
2810,135.0
2811,102.0
2812,62.0
2813,98.0
2814,117.0
2815,89.0
2816,93.0
2817,88.0
2818,120.0
2819,104.0
2820,94.0
2821,90.0
2822,104.0
2823,108.0
2824,129.0
2825,171.0
2826,99.0
2827,102.0
2828,109.0
2829,72.0
2830,88.0
2831,102.0
2832,129.0
2833,79.0
2834,94.0
2835,80.0
2836,118.0
2837,106.0
2838,108.0
2839,103.0
2840,115.0
2841,85.0
2842,83.0
2843,125.0
2844,110.0
2845,92.0
2846,71.0
2847,121.0
2848,83.0
2849,86.0
2850,83.0
2851,115.0
2852,121.0
2853,88.0
2854,91.0
2855,66.0
2856,99.0
2857,86.0
2858,95.0
2859,89.0
2860,114.0
2861,87.0
2862,119.0
2863,113.0
2864,110.0
2865,87.0
2866,121.0
2867,112.0
2868,88.0
2869,95.0
2870,122.0
2871,113.0
2872,109.0
2873,123.0
2874,112.0
2875,104.0
2876,95.0
2877,72.0
2878,95.0
2879,85.0
2880,61.0
2881,102.0
2882,92.0
2883,93.0
2884,96.0
2885,122.0
2886,122.0
2887,76.0
2888,98.0
2889,86.0
2890,52.0
2891,88.0
2892,91.0
2893,111.0
2894,109.0
2895,83.0
2896,96.0
2897,79.0
2898,101.0
2899,108.0
2900,117.0
2901,98.0
2902,74.0
2903,132.0
2904,101.0
2905,91.0
2906,109.0
2907,103.0
2908,117.0
2909,94.0
2910,91.0
2911,80.0
2912,115.0
2913,85.0
2914,94.0
2915,100.0
2916,90.0
2917,88.0
2918,107.0
2919,124.0
2920,113.0
2921,100.0
2922,77.0
2923,124.0
2924,105.0
2925,92.0
2926,113.0
2927,52.0
2928,100.0
2929,117.0
2930,127.0
2931,118.0
2932,96.0
2933,89.0
2934,99.0
2935,116.0
2936,103.0
2937,97.0
2938,63.0
2939,102.0
2940,123.0
2941,63.0
2942,78.0
2943,78.0
2944,42.0
2945,85.0
2946,85.0
2947,102.0
2948,110.0
2949,119.0
2950,94.0
2951,113.0
2952,109.0
2953,117.0
2954,113.0
2955,78.0
2956,126.0
2957,68.0
2958,121.0
2959,109.0
2960,110.0
2961,85.0
2962,68.0
2963,94.0
2964,94.0
2965,118.0
2966,109.0
2967,91.0
2968,86.0
2969,92.0
2970,120.0
2971,105.0
2972,99.0
2973,96.0
2974,83.0
2975,95.0
2976,112.0
2977,58.0
2978,123.0
2979,114.0
2980,88.0
2981,111.0
2982,87.0
2983,112.0
2984,113.0
2985,73.0
2986,119.0
2987,110.0
2988,66.0
2989,110.0
2990,139.0
2991,107.0
2992,111.0
2993,96.0
2994,95.0
2995,110.0
2996,83.0
2997,100.0
2998,142.0
2999,92.0
3000,139.0
3001,97.0
3002,99.0
3003,100.0
3004,94.0
3005,119.0
3006,96.0
3007,99.0
3008,107.0
3009,94.0
3010,119.0
3011,124.0
3012,121.0
3013,84.0
3014,80.0
3015,108.0
3016,130.0
3017,89.0
3018,99.0
3019,107.0
3020,115.0
3021,114.0
3022,115.0
3023,128.0
3024,126.0
3025,66.0
3026,92.0
3027,101.0
3028,99.0
3029,97.0
3030,83.0
3031,94.0
3032,134.0
3033,120.0
3034,111.0
3035,117.0
3036,93.0
3037,146.0
3038,106.0
3039,102.0
3040,111.0
3041,154.0
3042,111.0
3043,120.0
3044,98.0
3045,96.0
3046,76.0
3047,117.0
3048,100.0
3049,86.0
3050,67.0
3051,83.0
3052,87.0
3053,90.0
3054,125.0
3055,109.0
3056,112.0
3057,109.0
3058,80.0
3059,102.0
3060,97.0
3061,92.0
3062,109.0
3063,87.0
3064,100.0
3065,68.0
3066,88.0
3067,72.0
3068,76.0
3069,81.0
3070,72.0
3071,104.0
3072,112.0
3073,78.0
3074,72.0
3075,35.0
3076,95.0
3077,133.0
3078,88.0
3079,112.0
3080,68.0
3081,92.0
3082,87.0
3083,93.0
3084,71.0
3085,105.0
3086,93.0
3087,88.0
3088,138.0
3089,84.0
3090,84.0
3091,104.0
3092,120.0
3093,117.0
3094,136.0
3095,126.0
3096,86.0
3097,82.0
3098,131.0
3099,102.0
3100,99.0
3101,100.0
3102,72.0
3103,97.0
3104,110.0
3105,75.0
3106,68.0
3107,83.0
3108,98.0
3109,90.0
3110,112.0
3111,94.0
3112,130.0
3113,66.0
3114,126.0
3115,130.0
3116,93.0
3117,95.0
3118,101.0
3119,83.0
3120,93.0
3121,131.0
3122,111.0
3123,119.0
3124,57.0
3125,141.0
3126,137.0
3127,97.0
3128,88.0
3129,91.0
3130,124.0
3131,90.0
3132,95.0
3133,130.0
3134,102.0
3135,87.0
3136,109.0
3137,87.0
3138,88.0
3139,112.0
3140,63.0
3141,116.0
3142,46.0
3143,89.0
3144,74.0
3145,113.0
3146,90.0
3147,109.0
3148,97.0
3149,87.0
3150,86.0
3151,100.0
3152,108.0
3153,103.0
3154,91.0
3155,96.0
3156,92.0
3157,94.0
3158,90.0
3159,76.0
3160,95.0
3161,67.0
3162,91.0
3163,91.0
3164,72.0
3165,96.0
3166,103.0
3167,59.0
3168,122.0
3169,62.0
3170,79.0
3171,107.0
3172,102.0
3173,123.0
3174,118.0
3175,102.0
3176,119.0
3177,89.0
3178,79.0
3179,99.0
3180,127.0
3181,98.0
3182,102.0
3183,116.0
3184,107.0
3185,142.0
3186,102.0
3187,113.0
3188,89.0
3189,93.0
3190,69.0
3191,137.0
3192,139.0
3193,76.0
3194,90.0
3195,114.0
3196,81.0
3197,109.0
3198,58.0
3199,120.0
3200,93.0
3201,126.0
3202,121.0
3203,122.0
3204,94.0
3205,137.0
3206,122.0
3207,90.0
3208,90.0
3209,127.0
3210,71.0
3211,111.0
3212,86.0
3213,123.0
3214,93.0
3215,100.0
3216,101.0
3217,87.0
3218,108.0
3219,107.0
3220,75.0
3221,81.0
3222,93.0
3223,97.0
3224,98.0
3225,65.0
3226,73.0
3227,73.0
3228,71.0
3229,102.0
3230,112.0
3231,86.0
3232,90.0
3233,119.0
3234,81.0
3235,86.0
3236,152.0
3237,134.0
3238,98.0
3239,90.0
3240,96.0
3241,103.0
3242,70.0
3243,123.0
3244,101.0
3245,100.0
3246,76.0
3247,106.0
3248,115.0
3249,120.0
3250,94.0
3251,124.0
3252,115.0
3253,93.0
3254,104.0
3255,151.0
3256,89.0
3257,102.0
3258,64.0
3259,127.0
3260,126.0
3261,96.0
3262,118.0
3263,89.0
3264,124.0
3265,112.0
3266,133.0
3267,108.0
3268,96.0
3269,129.0
3270,126.0
3271,76.0
3272,122.0
3273,89.0
3274,132.0
3275,82.0
3276,84.0
3277,89.0
3278,90.0
3279,62.0
3280,125.0
3281,87.0
3282,55.0
3283,105.0
3284,73.0
3285,134.0
3286,89.0
3287,101.0
3288,105.0
3289,67.0
3290,106.0
3291,73.0
3292,80.0
3293,101.0
3294,98.0
3295,131.0
3296,115.0
3297,127.0
3298,137.0
3299,80.0
3300,55.0
3301,123.0
3302,115.0
3303,88.0
3304,100.0
3305,114.0
3306,115.0
3307,103.0
3308,108.0
3309,118.0
3310,73.0
3311,118.0
3312,108.0
3313,127.0
3314,77.0
3315,108.0
3316,82.0
3317,121.0
3318,132.0
3319,121.0
3320,134.0
3321,124.0
3322,103.0
3323,107.0
3324,91.0
3325,122.0
3326,110.0
3327,99.0
3328,108.0
3329,104.0
3330,71.0
3331,105.0
3332,90.0
3333,99.0
3334,131.0
3335,111.0
3336,74.0
3337,98.0
3338,143.0
3339,101.0
3340,74.0
3341,81.0
3342,95.0
3343,110.0
3344,102.0
3345,95.0
3346,103.0
3347,21.0
3348,99.0
3349,142.0
3350,65.0
3351,98.0
3352,99.0
3353,71.0
3354,112.0
3355,115.0
3356,73.0
3357,104.0
3358,136.0
3359,134.0
3360,83.0
3361,99.0
3362,110.0
3363,92.0
3364,107.0
3365,91.0
3366,84.0
3367,112.0
3368,86.0
3369,66.0
3370,130.0
3371,127.0
3372,121.0
3373,69.0
3374,96.0
3375,97.0
3376,73.0
3377,69.0
3378,105.0
3379,114.0
3380,76.0
3381,117.0
3382,138.0
3383,122.0
3384,94.0
3385,95.0
3386,99.0
3387,84.0
3388,91.0
3389,78.0
3390,109.0
3391,104.0
3392,85.0
3393,98.0
3394,104.0
3395,82.0
3396,64.0
3397,103.0
3398,92.0
3399,113.0
3400,93.0
3401,85.0
3402,108.0
3403,114.0
3404,115.0
3405,119.0
3406,49.0
3407,66.0
3408,81.0
3409,71.0
3410,112.0
3411,107.0
3412,92.0
3413,88.0
3414,107.0
3415,40.0
3416,66.0
3417,95.0
3418,88.0
3419,76.0
3420,93.0
3421,92.0
3422,93.0
3423,97.0
3424,144.0
3425,105.0
3426,112.0
3427,63.0
3428,94.0
3429,92.0
3430,122.0
3431,96.0
3432,111.0
3433,88.0
3434,122.0
3435,112.0
3436,56.0
3437,79.0
3438,94.0
3439,101.0
3440,92.0
3441,111.0
3442,138.0
3443,92.0
3444,63.0
3445,39.0
3446,98.0
3447,59.0
3448,71.0
3449,66.0
3450,97.0
3451,79.0
3452,110.0
3453,97.0
3454,124.0
3455,117.0
3456,86.0
3457,73.0
3458,88.0
3459,123.0
3460,139.0
3461,108.0
3462,121.0
3463,119.0
3464,101.0
3465,131.0
3466,115.0
3467,99.0
3468,119.0
3469,105.0
3470,110.0
3471,85.0
3472,42.0
3473,113.0
3474,139.0
3475,92.0
3476,120.0
3477,53.0
3478,104.0
3479,133.0
3480,75.0
3481,122.0
3482,120.0
3483,121.0
3484,115.0
3485,102.0
3486,111.0
3487,113.0
3488,110.0
3489,108.0
3490,101.0
3491,118.0
3492,80.0
3493,83.0
3494,87.0
3495,109.0
3496,121.0
3497,112.0
3498,123.0
3499,81.0
3500,108.0
3501,116.0
3502,86.0
3503,85.0
3504,106.0
3505,57.0
3506,87.0
3507,113.0
3508,108.0
3509,124.0
3510,40.0
3511,88.0
3512,91.0
3513,76.0
3514,81.0
3515,103.0
3516,131.0
3517,116.0
3518,134.0
3519,78.0
3520,105.0
3521,100.0
3522,109.0
3523,101.0
3524,109.0
3525,104.0
3526,57.0
3527,127.0
3528,71.0
3529,103.0
3530,88.0
3531,82.0
3532,126.0
3533,82.0
3534,76.0
3535,124.0
3536,121.0
3537,78.0
3538,84.0
3539,109.0
3540,90.0
3541,113.0
3542,88.0
3543,62.0
3544,104.0
3545,104.0
3546,92.0
3547,113.0
3548,88.0
3549,114.0
3550,79.0
3551,71.0
3552,78.0
3553,68.0
3554,131.0
3555,101.0
3556,106.0
3557,93.0
3558,108.0
3559,115.0
3560,106.0
3561,52.0
3562,92.0
3563,111.0
3564,94.0
3565,145.0
3566,97.0
3567,61.0
3568,105.0
3569,90.0
3570,84.0
3571,102.0
3572,102.0
3573,116.0
3574,107.0
3575,70.0
3576,64.0
3577,70.0
3578,88.0
3579,76.0
3580,97.0
3581,72.0
3582,61.0
3583,74.0
3584,118.0
3585,95.0
3586,98.0
3587,91.0
3588,84.0
3589,84.0
3590,84.0
3591,113.0
3592,98.0
3593,98.0
3594,80.0
3595,88.0
3596,88.0
3597,102.0
3598,82.0
3599,107.0
3600,94.0
3601,108.0
3602,92.0
3603,102.0
3604,112.0
3605,73.0
3606,127.0
3607,102.0
3608,123.0
3609,101.0
3610,101.0
3611,127.0
3612,92.0
3613,98.0
3614,108.0
3615,92.0
3616,101.0
3617,53.0
3618,112.0
3619,40.0
3620,67.0
3621,81.0
3622,106.0
3623,100.0
3624,80.0
3625,59.0
3626,90.0
3627,84.0
3628,86.0
3629,90.0
3630,86.0
3631,143.0
3632,97.0
3633,101.0
3634,76.0
3635,132.0
3636,118.0
3637,88.0
3638,74.0
3639,109.0
3640,113.0
3641,129.0
3642,101.0
3643,121.0
3644,126.0
3645,116.0
3646,94.0
3647,113.0
3648,86.0
3649,119.0
3650,101.0
3651,46.0
3652,92.0
3653,69.0
3654,81.0
3655,102.0
3656,79.0
3657,83.0
3658,76.0
3659,109.0
3660,106.0
3661,78.0
3662,97.0
3663,102.0
3664,112.0
3665,89.0
3666,114.0
3667,117.0
3668,98.0
3669,69.0
3670,84.0
3671,100.0
3672,93.0
3673,102.0
3674,121.0
3675,81.0
3676,106.0
3677,146.0
3678,120.0
3679,125.0
3680,117.0
3681,96.0
3682,79.0
3683,120.0
3684,113.0
3685,92.0
3686,73.0
3687,117.0
3688,90.0
3689,77.0
3690,63.0
3691,93.0
3692,94.0
3693,93.0
3694,79.0
3695,90.0
3696,77.0
3697,97.0
3698,128.0
3699,141.0
3700,109.0
3701,146.0
3702,119.0
3703,78.0
3704,75.0
3705,114.0
3706,104.0
3707,81.0
3708,141.0
3709,119.0
3710,102.0
3711,93.0
3712,84.0
3713,109.0
3714,114.0
3715,103.0
3716,103.0
3717,123.0
3718,113.0
3719,100.0
3720,113.0
3721,100.0
3722,104.0
3723,79.0
3724,107.0
3725,112.0
3726,94.0
3727,100.0
3728,105.0
3729,92.0
3730,90.0
3731,62.0
3732,92.0
3733,83.0
3734,99.0
3735,104.0
3736,131.0
3737,95.0
3738,125.0
3739,81.0
3740,123.0
3741,87.0
3742,73.0
3743,105.0
3744,95.0
3745,79.0
3746,105.0
3747,88.0
3748,108.0
3749,91.0
3750,95.0
3751,106.0
3752,98.0
3753,127.0
3754,84.0
3755,127.0
3756,109.0
3757,96.0
3758,93.0
3759,130.0
3760,76.0
3761,88.0
3762,123.0
3763,87.0
3764,100.0
3765,101.0
3766,92.0
3767,100.0
3768,107.0
3769,122.0
3770,87.0
3771,112.0
3772,115.0
3773,100.0
3774,81.0
3775,127.0
3776,89.0
3777,101.0
3778,89.0
3779,94.0
3780,86.0
3781,85.0
3782,71.0
3783,62.0
3784,99.0
3785,108.0
3786,115.0
3787,57.0
3788,101.0
3789,123.0
3790,101.0
3791,86.0
3792,89.0
3793,95.0
3794,68.0
3795,62.0
3796,116.0
3797,132.0
3798,75.0
3799,110.0
3800,100.0
3801,72.0
3802,114.0
3803,96.0
3804,68.0
3805,84.0
3806,100.0
3807,96.0
3808,94.0
3809,100.0
3810,90.0
3811,86.0
3812,91.0
3813,88.0
3814,76.0
3815,68.0
3816,80.0
3817,122.0
3818,62.0
3819,85.0
3820,97.0
3821,103.0
3822,73.0
3823,127.0
3824,87.0
3825,125.0
3826,122.0
3827,66.0
3828,100.0
3829,126.0
3830,85.0
3831,86.0
3832,118.0
3833,54.0
3834,120.0
3835,154.0
3836,106.0
3837,81.0
3838,92.0
3839,88.0
3840,81.0
3841,127.0
3842,108.0
3843,85.0
3844,125.0
3845,78.0
3846,97.0
3847,105.0
3848,89.0
3849,119.0
3850,104.0
3851,139.0
3852,128.0
3853,54.0
3854,102.0
3855,108.0
3856,94.0
3857,87.0
3858,150.0
3859,105.0
3860,118.0
3861,79.0
3862,105.0
3863,88.0
3864,90.0
3865,97.0
3866,89.0
3867,82.0
3868,86.0
3869,113.0
3870,84.0
3871,111.0
3872,117.0
3873,123.0
3874,95.0
3875,96.0
3876,90.0
3877,88.0
3878,85.0
3879,120.0
3880,113.0
3881,81.0
3882,75.0
3883,84.0
3884,104.0
3885,68.0
3886,84.0
3887,112.0
3888,113.0
3889,106.0
3890,105.0
3891,82.0
3892,96.0
3893,98.0
3894,101.0
3895,125.0
3896,88.0
3897,123.0
3898,104.0
3899,138.0
3900,107.0
3901,70.0
3902,115.0
3903,148.0
3904,66.0
3905,106.0
3906,136.0
3907,73.0
3908,117.0
3909,103.0
3910,96.0
3911,93.0
3912,83.0
3913,120.0
3914,84.0
3915,107.0
3916,104.0
3917,127.0
3918,103.0
3919,122.0
3920,105.0
3921,97.0
3922,115.0
3923,89.0
3924,93.0
3925,104.0
3926,96.0
3927,99.0
3928,104.0
3929,94.0
3930,116.0
3931,102.0
3932,110.0
3933,107.0
3934,108.0
3935,65.0
3936,91.0
3937,92.0
3938,93.0
3939,147.0
3940,113.0
3941,77.0
3942,109.0
3943,101.0
3944,101.0
3945,107.0
3946,100.0
3947,136.0
3948,94.0
3949,75.0
3950,65.0
3951,82.0
3952,132.0
3953,106.0
3954,125.0
3955,85.0
3956,108.0
3957,98.0
3958,83.0
3959,88.0
3960,111.0
3961,80.0
3962,106.0
3963,86.0
3964,99.0
3965,123.0
3966,77.0
3967,98.0
3968,92.0
3969,101.0
3970,77.0
3971,75.0
3972,125.0
3973,124.0
3974,121.0
3975,135.0
3976,135.0
3977,92.0
3978,148.0
3979,107.0
3980,75.0
3981,80.0
3982,98.0
3983,85.0
3984,93.0
3985,91.0
3986,104.0
3987,98.0
3988,89.0
3989,62.0
3990,89.0
3991,125.0
3992,81.0
3993,57.0
3994,121.0
3995,104.0
3996,95.0
3997,94.0
3998,92.0
3999,87.0
4000,123.0
4001,119.0
4002,77.0
4003,102.0
4004,135.0
4005,97.0
4006,115.0
4007,106.0
4008,138.0
4009,106.0
4010,166.0
4011,104.0
4012,107.0
4013,74.0
4014,96.0
4015,84.0
4016,98.0
4017,99.0
4018,73.0
4019,83.0
4020,87.0
4021,95.0
4022,80.0
4023,129.0
4024,81.0
4025,125.0
4026,101.0
4027,83.0
4028,73.0
4029,119.0
4030,30.0
4031,112.0
4032,70.0
4033,126.0
4034,124.0
4035,118.0
4036,109.0
4037,121.0
4038,117.0
4039,116.0
4040,124.0
4041,118.0
4042,104.0
4043,115.0
4044,96.0
4045,87.0
4046,77.0
4047,124.0
4048,86.0
4049,145.0
4050,97.0
4051,114.0
4052,98.0
4053,98.0
4054,99.0
4055,140.0
4056,82.0
4057,91.0
4058,82.0
4059,83.0
4060,85.0
4061,98.0
4062,80.0
4063,99.0
4064,53.0
4065,92.0
4066,85.0
4067,87.0
4068,96.0
4069,150.0
4070,122.0
4071,115.0
4072,112.0
4073,120.0
4074,130.0
4075,92.0
4076,118.0
4077,113.0
4078,109.0
4079,96.0
4080,95.0
4081,120.0
4082,126.0
4083,49.0
4084,101.0
4085,94.0
4086,67.0
4087,82.0
4088,115.0
4089,95.0
4090,114.0
4091,85.0
4092,86.0
4093,101.0
4094,74.0
4095,119.0
4096,86.0
4097,80.0
4098,123.0
4099,102.0
4100,89.0
4101,121.0
4102,104.0
4103,126.0
4104,75.0
4105,134.0
4106,82.0
4107,119.0
4108,84.0
4109,91.0
4110,93.0
4111,127.0
4112,145.0
4113,110.0
4114,85.0
4115,89.0
4116,62.0
4117,88.0
4118,99.0
4119,83.0
4120,63.0
4121,52.0
4122,83.0
4123,82.0
4124,113.0
4125,121.0
4126,122.0
4127,77.0
4128,98.0
4129,85.0
4130,105.0
4131,122.0
4132,115.0
4133,100.0
4134,101.0
4135,93.0
4136,102.0
4137,93.0
4138,116.0
4139,144.0
4140,66.0
4141,64.0
4142,87.0
4143,108.0
4144,101.0
4145,80.0
4146,97.0
4147,93.0
4148,118.0
4149,106.0
4150,90.0
4151,88.0
4152,98.0
4153,91.0
4154,127.0
4155,71.0
4156,103.0
4157,116.0
4158,77.0
4159,98.0
4160,115.0
4161,75.0
4162,64.0
4163,108.0
4164,76.0
4165,100.0
4166,108.0
4167,92.0
4168,83.0
4169,92.0
4170,101.0
4171,79.0
4172,120.0
4173,67.0
4174,110.0
4175,84.0
4176,117.0
4177,111.0
4178,127.0
4179,127.0
4180,107.0
4181,91.0
4182,84.0
4183,107.0
4184,89.0
4185,99.0
4186,109.0
4187,110.0
4188,71.0
4189,100.0
4190,86.0
4191,66.0
4192,79.0
4193,121.0
4194,73.0
4195,100.0
4196,90.0
4197,95.0
4198,107.0
4199,69.0
4200,109.0
4201,69.0
4202,125.0
4203,94.0
4204,111.0
4205,107.0
4206,93.0
4207,67.0
4208,80.0
4209,79.0
4210,81.0
4211,119.0
4212,101.0
4213,80.0
4214,66.0
4215,86.0
4216,60.0
4217,134.0
4218,105.0
4219,148.0
4220,100.0
4221,105.0
4222,99.0
4223,125.0
4224,85.0
4225,105.0
4226,102.0
4227,52.0
4228,70.0
4229,128.0
4230,83.0
4231,93.0
4232,112.0
4233,91.0
4234,123.0
4235,71.0
4236,74.0
4237,74.0
4238,119.0
4239,76.0
4240,90.0
4241,92.0
4242,142.0
4243,110.0
4244,121.0
4245,92.0
4246,95.0
4247,81.0
4248,98.0
4249,96.0
4250,97.0
4251,130.0
4252,78.0
4253,106.0
4254,110.0
4255,117.0
4256,65.0
4257,113.0
4258,108.0
4259,81.0
4260,77.0
4261,101.0
4262,104.0
4263,102.0
4264,98.0
4265,91.0
4266,99.0
4267,75.0
4268,74.0
4269,94.0
4270,106.0
4271,89.0
4272,92.0
4273,95.0
4274,149.0
4275,39.0
4276,104.0
4277,57.0
4278,98.0
4279,119.0
4280,103.0
4281,78.0
4282,109.0
4283,146.0
4284,111.0
4285,107.0
4286,124.0
4287,95.0
4288,100.0
4289,123.0
4290,105.0
4291,89.0
4292,123.0
4293,109.0
4294,119.0
4295,144.0
4296,81.0
4297,130.0
4298,82.0
4299,120.0
4300,117.0
4301,83.0
4302,107.0
4303,138.0
4304,89.0
4305,109.0
4306,152.0
4307,90.0
4308,60.0
4309,82.0
4310,116.0
4311,127.0
4312,110.0
4313,96.0
4314,118.0
4315,69.0
4316,103.0
4317,125.0
4318,95.0
4319,91.0
4320,93.0
4321,137.0
4322,131.0
4323,61.0
4324,95.0
4325,117.0
4326,103.0
4327,112.0
4328,105.0
4329,78.0
4330,103.0
4331,116.0
4332,66.0
4333,116.0
4334,91.0
4335,104.0
4336,96.0
4337,88.0
4338,138.0
4339,88.0
4340,113.0
4341,86.0
4342,88.0
4343,105.0
4344,109.0
4345,87.0
4346,83.0
4347,80.0
4348,89.0
4349,128.0
4350,119.0
4351,106.0
4352,86.0
4353,94.0
4354,107.0
4355,104.0
4356,95.0
4357,142.0
4358,109.0
4359,102.0
4360,74.0
4361,114.0
4362,86.0
4363,110.0
4364,96.0
4365,127.0
4366,122.0
4367,128.0
4368,121.0
4369,106.0
4370,95.0
4371,101.0
4372,127.0
4373,91.0
4374,86.0
4375,125.0
4376,101.0
4377,108.0
4378,82.0
4379,127.0
4380,79.0
4381,91.0
4382,64.0
4383,120.0
4384,83.0
4385,73.0
4386,48.0
4387,93.0
4388,113.0
4389,82.0
4390,72.0
4391,113.0
4392,94.0
4393,80.0
4394,104.0
4395,88.0
4396,119.0
4397,95.0
4398,96.0
4399,88.0
4400,109.0
4401,127.0
4402,51.0
4403,110.0
4404,121.0
4405,118.0
4406,83.0
4407,131.0
4408,98.0
4409,77.0
4410,91.0
4411,72.0
4412,91.0
4413,104.0
4414,87.0
4415,121.0
4416,106.0
4417,100.0
4418,92.0
4419,135.0
4420,103.0
4421,60.0
4422,100.0
4423,107.0
4424,89.0
4425,105.0
4426,97.0
4427,125.0
4428,79.0
4429,137.0
4430,87.0
4431,98.0
4432,118.0
4433,97.0
4434,83.0
4435,123.0
4436,101.0
4437,84.0
4438,91.0
4439,113.0
4440,111.0
4441,100.0
4442,113.0
4443,74.0
4444,85.0
4445,57.0
4446,117.0
4447,106.0
4448,87.0
4449,89.0
4450,124.0
4451,101.0
4452,77.0
4453,116.0
4454,110.0
4455,79.0
4456,95.0
4457,70.0
4458,123.0
4459,92.0
4460,98.0
4461,82.0
4462,121.0
4463,125.0
4464,134.0
4465,73.0
4466,117.0
4467,78.0
4468,85.0
4469,146.0
4470,102.0
4471,112.0
4472,88.0
4473,104.0
4474,104.0
4475,106.0
4476,111.0
4477,124.0
4478,109.0
4479,105.0
4480,107.0
4481,107.0
4482,114.0
4483,80.0
4484,129.0
4485,105.0
4486,107.0
4487,82.0
4488,106.0
4489,87.0
4490,64.0
4491,94.0
4492,120.0
4493,90.0
4494,43.0
4495,79.0
4496,114.0
4497,58.0
4498,100.0
4499,78.0
4500,76.0
4501,109.0
4502,93.0
4503,72.0
4504,87.0
4505,159.0
4506,119.0
4507,106.0
4508,118.0
4509,98.0
4510,85.0
4511,130.0
4512,95.0
4513,93.0
4514,120.0
4515,107.0
4516,89.0
4517,95.0
4518,90.0
4519,78.0
4520,143.0
4521,94.0
4522,101.0
4523,115.0
4524,71.0
4525,118.0
4526,93.0
4527,122.0
4528,110.0
4529,149.0
4530,109.0
4531,73.0
4532,85.0
4533,86.0
4534,65.0
4535,107.0
4536,96.0
4537,127.0
4538,91.0
4539,90.0
4540,103.0
4541,97.0
4542,106.0
4543,112.0
4544,126.0
4545,81.0
4546,88.0
4547,102.0
4548,114.0
4549,115.0
4550,90.0
4551,106.0
4552,98.0
4553,89.0
4554,118.0
4555,109.0
4556,90.0
4557,99.0
4558,113.0
4559,90.0
4560,120.0
4561,137.0
4562,93.0
4563,112.0
4564,82.0
4565,81.0
4566,51.0
4567,107.0
4568,79.0
4569,99.0
4570,109.0
4571,106.0
4572,121.0
4573,88.0
4574,107.0
4575,98.0
4576,71.0
4577,127.0
4578,115.0
4579,121.0
4580,71.0
4581,76.0
4582,139.0
4583,116.0
4584,110.0
4585,93.0
4586,111.0
4587,92.0
4588,102.0
4589,91.0
4590,75.0
4591,48.0
4592,83.0
4593,135.0
4594,111.0
4595,90.0
4596,82.0
4597,116.0
4598,102.0
4599,91.0
4600,100.0
4601,91.0
4602,85.0
4603,111.0
4604,101.0
4605,103.0
4606,81.0
4607,79.0
4608,109.0
4609,77.0
4610,138.0
4611,106.0
4612,115.0
4613,85.0
4614,128.0
4615,120.0
4616,127.0
4617,113.0
4618,119.0
4619,99.0
4620,77.0
4621,114.0
4622,92.0
4623,108.0
4624,95.0
4625,86.0
4626,104.0
4627,138.0
4628,76.0
4629,126.0
4630,97.0
4631,98.0
4632,89.0
4633,110.0
4634,74.0
4635,120.0
4636,106.0
4637,125.0
4638,94.0
4639,119.0
4640,112.0
4641,108.0
4642,109.0
4643,62.0
4644,88.0
4645,89.0
4646,132.0
4647,120.0
4648,111.0
4649,118.0
4650,108.0
4651,108.0
4652,79.0
4653,104.0
4654,60.0
4655,101.0
4656,99.0
4657,88.0
4658,104.0
4659,73.0
4660,100.0
4661,108.0
4662,94.0
4663,90.0
4664,126.0
4665,89.0
4666,135.0
4667,130.0
4668,92.0
4669,80.0
4670,90.0
4671,106.0
4672,113.0
4673,76.0
4674,116.0
4675,99.0
4676,110.0
4677,85.0
4678,82.0
4679,105.0
4680,118.0
4681,110.0
4682,145.0
4683,90.0
4684,96.0
4685,92.0
4686,86.0
4687,107.0
4688,91.0
4689,97.0
4690,102.0
4691,77.0
4692,97.0
4693,111.0
4694,89.0
4695,64.0
4696,97.0
4697,112.0
4698,114.0
4699,97.0
4700,103.0
4701,84.0
4702,131.0
4703,130.0
4704,86.0
4705,105.0
4706,123.0
4707,91.0
4708,79.0
4709,112.0
4710,67.0
4711,125.0
4712,108.0
4713,128.0
4714,94.0
4715,101.0
4716,111.0
4717,99.0
4718,78.0
4719,77.0
4720,141.0
4721,95.0
4722,93.0
4723,113.0
4724,129.0
4725,80.0
4726,87.0
4727,103.0
4728,105.0
4729,92.0
4730,48.0
4731,126.0
4732,104.0
4733,113.0
4734,103.0
4735,107.0
4736,129.0
4737,75.0
4738,117.0
4739,107.0
4740,83.0
4741,114.0
4742,64.0
4743,114.0
4744,152.0
4745,98.0
4746,126.0
4747,94.0
4748,97.0
4749,102.0
4750,87.0
4751,94.0
4752,90.0
4753,125.0
4754,85.0
4755,89.0
4756,77.0
4757,78.0
4758,137.0
4759,67.0
4760,128.0
4761,112.0
4762,91.0
4763,100.0
4764,101.0
4765,105.0
4766,54.0
4767,101.0
4768,38.0
4769,74.0
4770,58.0
4771,86.0
4772,90.0
4773,96.0
4774,79.0
4775,60.0
4776,134.0
4777,120.0
4778,81.0
4779,79.0
4780,60.0
4781,82.0
4782,110.0
4783,129.0
4784,128.0
4785,135.0
4786,101.0
4787,95.0
4788,136.0
4789,101.0
4790,112.0
4791,75.0
4792,64.0
4793,85.0
4794,63.0
4795,87.0
4796,85.0
4797,72.0
4798,107.0
4799,98.0
4800,94.0
4801,70.0
4802,142.0
4803,101.0
4804,119.0
4805,115.0
4806,98.0
4807,99.0
4808,86.0
4809,119.0
4810,127.0
4811,112.0
4812,105.0
4813,80.0
4814,63.0
4815,82.0
4816,118.0
4817,113.0
4818,100.0
4819,89.0
4820,91.0
4821,116.0
4822,113.0
4823,139.0
4824,118.0
4825,108.0
4826,88.0
4827,72.0
4828,100.0
4829,111.0
4830,124.0
4831,65.0
4832,128.0
4833,81.0
4834,84.0
4835,81.0
4836,100.0
4837,88.0
4838,114.0
4839,99.0
4840,85.0
4841,69.0
4842,94.0
4843,102.0
4844,101.0
4845,90.0
4846,117.0
4847,79.0
4848,102.0
4849,100.0
4850,110.0
4851,97.0
4852,113.0
4853,131.0
4854,104.0
4855,88.0
4856,126.0
4857,105.0
4858,93.0
4859,108.0
4860,114.0
4861,150.0
4862,115.0
4863,98.0
4864,100.0
4865,85.0
4866,87.0
4867,84.0
4868,109.0
4869,93.0
4870,72.0
4871,119.0
4872,89.0
4873,101.0
4874,110.0
4875,99.0
4876,111.0
4877,132.0
4878,97.0
4879,106.0
4880,98.0
4881,103.0
4882,152.0
4883,115.0
4884,118.0
4885,87.0
4886,109.0
4887,116.0
4888,112.0
4889,78.0
4890,80.0
4891,77.0
4892,87.0
4893,100.0
4894,91.0
4895,86.0
4896,88.0
4897,135.0
4898,110.0
4899,126.0
4900,103.0
4901,75.0
4902,110.0
4903,114.0
4904,90.0
4905,110.0
4906,116.0
4907,79.0
4908,44.0
4909,95.0
4910,114.0
4911,98.0
4912,73.0
4913,99.0
4914,105.0
4915,80.0
4916,123.0
4917,103.0
4918,102.0
4919,140.0
4920,99.0
4921,92.0
4922,87.0
4923,114.0
4924,94.0
4925,101.0
4926,101.0
4927,98.0
4928,122.0
4929,79.0
4930,83.0
4931,111.0
4932,77.0
4933,104.0
4934,111.0
4935,85.0
4936,72.0
4937,75.0
4938,115.0
4939,65.0
4940,109.0
4941,117.0
4942,81.0
4943,97.0
4944,104.0
4945,99.0
4946,131.0
4947,92.0
4948,81.0
4949,106.0
4950,57.0
4951,147.0
4952,96.0
4953,110.0
4954,96.0
4955,88.0
4956,92.0
4957,108.0
4958,93.0
4959,119.0
4960,99.0
4961,83.0
4962,75.0
4963,102.0
4964,128.0
4965,85.0
4966,72.0
4967,116.0
4968,104.0
4969,113.0
4970,110.0
4971,90.0
4972,107.0
4973,103.0
4974,83.0
4975,71.0
4976,100.0
4977,69.0
4978,136.0
4979,105.0
4980,68.0
4981,78.0
4982,122.0
4983,75.0
4984,137.0
4985,66.0
4986,95.0
4987,102.0
4988,71.0
4989,87.0
4990,102.0
4991,116.0
4992,77.0
4993,125.0
4994,123.0
4995,113.0
4996,145.0
4997,67.0
4998,148.0
4999,93.0
